{"proxies":{"bencoding.securely.StringCryptoProxy":{"superPackageName":"org.appcelerator.kroll","methods":{"AESEncrypt":{"runOnUiThread":false,"hasInvocation":false,"args":[{"converter":"org.appcelerator.kroll.KrollConverter","defaultValueProvider":"org.appcelerator.kroll.KrollConverter","name":"key","sourceName":"key","type":"java.lang.String"},{"converter":"org.appcelerator.kroll.KrollConverter","defaultValueProvider":"org.appcelerator.kroll.KrollConverter","name":"value","sourceName":"value","type":"java.lang.String"}],"apiName":"AESEncrypt","converter":"org.appcelerator.kroll.KrollConverter","defaultValueProvider":"org.appcelerator.kroll.KrollConverter","name":"__default_name__","returnType":"java.lang.String"},"DESEncrypt":{"runOnUiThread":false,"hasInvocation":false,"args":[{"converter":"org.appcelerator.kroll.KrollConverter","defaultValueProvider":"org.appcelerator.kroll.KrollConverter","name":"key","sourceName":"key","type":"java.lang.String"},{"converter":"org.appcelerator.kroll.KrollConverter","defaultValueProvider":"org.appcelerator.kroll.KrollConverter","name":"value","sourceName":"value","type":"java.lang.String"}],"apiName":"DESEncrypt","converter":"org.appcelerator.kroll.KrollConverter","defaultValueProvider":"org.appcelerator.kroll.KrollConverter","name":"__default_name__","returnType":"java.lang.String"},"fromHex":{"runOnUiThread":false,"hasInvocation":false,"args":[{"converter":"org.appcelerator.kroll.KrollConverter","defaultValueProvider":"org.appcelerator.kroll.KrollConverter","name":"hex","sourceName":"hex","type":"java.lang.String"}],"apiName":"fromHex","converter":"org.appcelerator.kroll.KrollConverter","defaultValueProvider":"org.appcelerator.kroll.KrollConverter","name":"__default_name__","returnType":"java.lang.String"},"sha256":{"runOnUiThread":false,"hasInvocation":false,"args":[{"converter":"org.appcelerator.kroll.KrollConverter","defaultValueProvider":"org.appcelerator.kroll.KrollConverter","name":"data","sourceName":"data","type":"java.lang.String"}],"apiName":"sha256","converter":"org.appcelerator.kroll.KrollConverter","defaultValueProvider":"org.appcelerator.kroll.KrollConverter","name":"__default_name__","returnType":"java.lang.String"},"DESDecrypt":{"runOnUiThread":false,"hasInvocation":false,"args":[{"converter":"org.appcelerator.kroll.KrollConverter","defaultValueProvider":"org.appcelerator.kroll.KrollConverter","name":"key","sourceName":"key","type":"java.lang.String"},{"converter":"org.appcelerator.kroll.KrollConverter","defaultValueProvider":"org.appcelerator.kroll.KrollConverter","name":"value","sourceName":"value","type":"java.lang.String"}],"apiName":"DESDecrypt","converter":"org.appcelerator.kroll.KrollConverter","defaultValueProvider":"org.appcelerator.kroll.KrollConverter","name":"__default_name__","returnType":"java.lang.String"},"toHex":{"runOnUiThread":false,"hasInvocation":false,"args":[{"converter":"org.appcelerator.kroll.KrollConverter","defaultValueProvider":"org.appcelerator.kroll.KrollConverter","name":"txt","sourceName":"txt","type":"java.lang.String"}],"apiName":"toHex","converter":"org.appcelerator.kroll.KrollConverter","defaultValueProvider":"org.appcelerator.kroll.KrollConverter","name":"__default_name__","returnType":"java.lang.String"},"sha512":{"runOnUiThread":false,"hasInvocation":false,"args":[{"converter":"org.appcelerator.kroll.KrollConverter","defaultValueProvider":"org.appcelerator.kroll.KrollConverter","name":"data","sourceName":"data","type":"java.lang.String"}],"apiName":"sha512","converter":"org.appcelerator.kroll.KrollConverter","defaultValueProvider":"org.appcelerator.kroll.KrollConverter","name":"__default_name__","returnType":"java.lang.String"},"AESDecrypt":{"runOnUiThread":false,"hasInvocation":false,"args":[{"converter":"org.appcelerator.kroll.KrollConverter","defaultValueProvider":"org.appcelerator.kroll.KrollConverter","name":"key","sourceName":"key","type":"java.lang.String"},{"converter":"org.appcelerator.kroll.KrollConverter","defaultValueProvider":"org.appcelerator.kroll.KrollConverter","name":"value","sourceName":"value","type":"java.lang.String"}],"apiName":"AESDecrypt","converter":"org.appcelerator.kroll.KrollConverter","defaultValueProvider":"org.appcelerator.kroll.KrollConverter","name":"__default_name__","returnType":"java.lang.String"}},"superProxyBindingClassName":"org.appcelerator.kroll.KrollProxyBindingGen","proxyClassName":"StringCryptoProxy","proxyAttrs":{"propertyAccessors":[],"fullAPIName":"Securely.StringCrypto","name":"StringCrypto","proxyClassName":"bencoding.securely.StringCryptoProxy","isTopLevel":false,"id":"bencoding.securely.StringCryptoProxy","creatableInModule":"bencoding.securely.SecurelyModule","parentModule":"org.appcelerator.kroll.annotations.Kroll.DEFAULT"},"packageName":"bencoding.securely","sourceName":"bencoding.securely.StringCryptoProxyBindingGen","isTitaniumSdk":false,"superProxyClassName":"KrollProxy","isModule":false,"genClassName":"StringCryptoProxyBindingGen"},"bencoding.securely.LockScreenHelperProxy":{"superPackageName":"org.appcelerator.kroll","methods":{"resetMonitorForScreenOn":{"runOnUiThread":false,"hasInvocation":false,"args":[],"apiName":"resetMonitorForScreenOn","converter":"org.appcelerator.kroll.KrollConverter","defaultValueProvider":"org.appcelerator.kroll.KrollConverter","name":"__default_name__","returnType":"void"},"startMonitorForScreenOff":{"runOnUiThread":false,"hasInvocation":false,"args":[],"apiName":"startMonitorForScreenOff","converter":"org.appcelerator.kroll.KrollConverter","defaultValueProvider":"org.appcelerator.kroll.KrollConverter","name":"__default_name__","returnType":"void"},"stopMonitoring":{"runOnUiThread":false,"hasInvocation":false,"args":[],"apiName":"stopMonitoring","converter":"org.appcelerator.kroll.KrollConverter","defaultValueProvider":"org.appcelerator.kroll.KrollConverter","name":"__default_name__","returnType":"void"},"isShowingLockScreen":{"runOnUiThread":false,"hasInvocation":false,"args":[],"apiName":"isShowingLockScreen","converter":"org.appcelerator.kroll.KrollConverter","defaultValueProvider":"org.appcelerator.kroll.KrollConverter","name":"__default_name__","returnType":"boolean"},"resetMonitorForScreenOff":{"runOnUiThread":false,"hasInvocation":false,"args":[],"apiName":"resetMonitorForScreenOff","converter":"org.appcelerator.kroll.KrollConverter","defaultValueProvider":"org.appcelerator.kroll.KrollConverter","name":"__default_name__","returnType":"void"},"wasLocked":{"runOnUiThread":false,"hasInvocation":false,"args":[],"apiName":"wasLocked","converter":"org.appcelerator.kroll.KrollConverter","defaultValueProvider":"org.appcelerator.kroll.KrollConverter","name":"__default_name__","returnType":"java.lang.Boolean"},"startMonitorForScreenOn":{"runOnUiThread":false,"hasInvocation":false,"args":[],"apiName":"startMonitorForScreenOn","converter":"org.appcelerator.kroll.KrollConverter","defaultValueProvider":"org.appcelerator.kroll.KrollConverter","name":"__default_name__","returnType":"void"},"stopMonitorForScreenOff":{"runOnUiThread":false,"hasInvocation":false,"args":[],"apiName":"stopMonitorForScreenOff","converter":"org.appcelerator.kroll.KrollConverter","defaultValueProvider":"org.appcelerator.kroll.KrollConverter","name":"__default_name__","returnType":"void"},"stopMonitorForScreenOn":{"runOnUiThread":false,"hasInvocation":false,"args":[],"apiName":"stopMonitorForScreenOn","converter":"org.appcelerator.kroll.KrollConverter","defaultValueProvider":"org.appcelerator.kroll.KrollConverter","name":"__default_name__","returnType":"void"}},"superProxyBindingClassName":"org.appcelerator.kroll.KrollProxyBindingGen","proxyClassName":"LockScreenHelperProxy","proxyAttrs":{"propertyAccessors":[],"fullAPIName":"Securely.LockScreenHelper","name":"LockScreenHelper","proxyClassName":"bencoding.securely.LockScreenHelperProxy","isTopLevel":false,"id":"bencoding.securely.LockScreenHelperProxy","creatableInModule":"bencoding.securely.SecurelyModule","parentModule":"org.appcelerator.kroll.annotations.Kroll.DEFAULT"},"packageName":"bencoding.securely","sourceName":"bencoding.securely.LockScreenHelperProxyBindingGen","isTitaniumSdk":false,"superProxyClassName":"KrollProxy","isModule":false,"genClassName":"LockScreenHelperProxyBindingGen"},"bencoding.securely.SecurelyModule":{"superPackageName":"org.appcelerator.kroll","methods":{"disableLogging":{"runOnUiThread":false,"hasInvocation":false,"args":[],"apiName":"disableLogging","converter":"org.appcelerator.kroll.KrollConverter","defaultValueProvider":"org.appcelerator.kroll.KrollConverter","name":"__default_name__","returnType":"void"},"generateDerivedKey":{"runOnUiThread":false,"hasInvocation":false,"args":[{"converter":"org.appcelerator.kroll.KrollConverter","defaultValueProvider":"org.appcelerator.kroll.KrollConverter","name":"seed","sourceName":"seed","type":"java.lang.String"}],"apiName":"generateDerivedKey","converter":"org.appcelerator.kroll.KrollConverter","defaultValueProvider":"org.appcelerator.kroll.KrollConverter","name":"__default_name__","returnType":"java.lang.String"},"disableLevel2Logging":{"runOnUiThread":false,"hasInvocation":false,"args":[],"apiName":"disableLevel2Logging","converter":"org.appcelerator.kroll.KrollConverter","defaultValueProvider":"org.appcelerator.kroll.KrollConverter","name":"__default_name__","returnType":"void"},"enableLevel2Logging":{"runOnUiThread":false,"hasInvocation":false,"args":[],"apiName":"enableLevel2Logging","converter":"org.appcelerator.kroll.KrollConverter","defaultValueProvider":"org.appcelerator.kroll.KrollConverter","name":"__default_name__","returnType":"void"},"generateRandomKey":{"runOnUiThread":false,"hasInvocation":false,"args":[{"converter":"org.appcelerator.kroll.KrollConverter","defaultValueProvider":"org.appcelerator.kroll.KrollConverter","name":"seedLength","optional":true,"sourceName":"seedLength","type":"java.lang.Object"}],"apiName":"generateRandomKey","converter":"org.appcelerator.kroll.KrollConverter","defaultValueProvider":"org.appcelerator.kroll.KrollConverter","name":"__default_name__","returnType":"java.lang.String"},"enableLogging":{"runOnUiThread":false,"hasInvocation":false,"args":[],"apiName":"enableLogging","converter":"org.appcelerator.kroll.KrollConverter","defaultValueProvider":"org.appcelerator.kroll.KrollConverter","name":"__default_name__","returnType":"void"},"setDebug":{"runOnUiThread":false,"hasInvocation":false,"args":[{"converter":"org.appcelerator.kroll.KrollConverter","defaultValueProvider":"org.appcelerator.kroll.KrollConverter","name":"value","sourceName":"value","type":"boolean"}],"apiName":"setDebug","converter":"org.appcelerator.kroll.KrollConverter","defaultValueProvider":"org.appcelerator.kroll.KrollConverter","name":"__default_name__","returnType":"void"}},"superProxyClassName":"KrollModule","isModule":true,"genClassName":"SecurelyModuleBindingGen","superProxyBindingClassName":"org.appcelerator.kroll.KrollModuleBindingGen","proxyClassName":"SecurelyModule","proxyAttrs":{"propertyAccessors":[],"fullAPIName":"Securely","name":"Securely","proxyClassName":"bencoding.securely.SecurelyModule","isTopLevel":false,"id":"bencoding.securely"},"packageName":"bencoding.securely","sourceName":"bencoding.securely.SecurelyModuleBindingGen","constants":{"PROPERTY_TYPE_PREFERENCES":{"proxyName":"PROPERTY_TYPE_PREFERENCES","name":"PROPERTY_TYPE_PREFERENCES","type":"int","value":2},"PROPERTY_SECURE_LEVEL_MED":{"proxyName":"PROPERTY_SECURE_LEVEL_MED","name":"PROPERTY_SECURE_LEVEL_MED","type":"int","value":2},"PROPERTY_SECURE_LEVEL_HIGH":{"proxyName":"PROPERTY_SECURE_LEVEL_HIGH","name":"PROPERTY_SECURE_LEVEL_HIGH","type":"int","value":3},"PROPERTY_TYPE_KEYCHAIN":{"proxyName":"PROPERTY_TYPE_KEYCHAIN","name":"PROPERTY_TYPE_KEYCHAIN","type":"int","value":1},"PROPERTY_SECURE_LEVEL_LOW":{"proxyName":"PROPERTY_SECURE_LEVEL_LOW","name":"PROPERTY_SECURE_LEVEL_LOW","type":"int","value":1}},"isTitaniumSdk":false,"onAppCreate":"onAppCreate"},"bencoding.securely.RemoteCertificateProxy":{"superPackageName":"org.appcelerator.kroll","methods":{"getThumbprint":{"runOnUiThread":false,"hasInvocation":false,"args":[{"converter":"org.appcelerator.kroll.KrollConverter","defaultValueProvider":"org.appcelerator.kroll.KrollConverter","name":"hm","sourceName":"hm","type":"java.util.HashMap"}],"apiName":"getThumbprint","converter":"org.appcelerator.kroll.KrollConverter","defaultValueProvider":"org.appcelerator.kroll.KrollConverter","name":"__default_name__","returnType":"void"}},"superProxyBindingClassName":"org.appcelerator.kroll.KrollProxyBindingGen","proxyClassName":"RemoteCertificateProxy","proxyAttrs":{"propertyAccessors":[],"fullAPIName":"Securely.RemoteCertificate","name":"RemoteCertificate","proxyClassName":"bencoding.securely.RemoteCertificateProxy","isTopLevel":false,"id":"bencoding.securely.RemoteCertificateProxy","creatableInModule":"bencoding.securely.SecurelyModule","parentModule":"org.appcelerator.kroll.annotations.Kroll.DEFAULT"},"packageName":"bencoding.securely","sourceName":"bencoding.securely.RemoteCertificateProxyBindingGen","isTitaniumSdk":false,"superProxyClassName":"KrollProxy","isModule":false,"genClassName":"RemoteCertificateProxyBindingGen"},"bencoding.securely.PropertiesProxy":{"superPackageName":"org.appcelerator.kroll","methods":{"getObject":{"runOnUiThread":false,"hasInvocation":false,"args":[{"converter":"org.appcelerator.kroll.KrollConverter","defaultValueProvider":"org.appcelerator.kroll.KrollConverter","name":"key","sourceName":"key","type":"java.lang.String"},{"converter":"org.appcelerator.kroll.KrollConverter","defaultValueProvider":"org.appcelerator.kroll.KrollConverter","name":"defaultValue","optional":true,"sourceName":"defaultValue","type":"java.util.HashMap"}],"apiName":"getObject","converter":"org.appcelerator.kroll.KrollConverter","defaultValueProvider":"org.appcelerator.kroll.KrollConverter","name":"__default_name__","returnType":"java.util.HashMap"},"unlock":{"runOnUiThread":false,"hasInvocation":false,"args":[],"apiName":"unlock","converter":"org.appcelerator.kroll.KrollConverter","defaultValueProvider":"org.appcelerator.kroll.KrollConverter","name":"__default_name__","returnType":"void"},"setBool":{"runOnUiThread":false,"hasInvocation":false,"args":[{"converter":"org.appcelerator.kroll.KrollConverter","defaultValueProvider":"org.appcelerator.kroll.KrollConverter","name":"key","sourceName":"key","type":"java.lang.String"},{"converter":"org.appcelerator.kroll.KrollConverter","defaultValueProvider":"org.appcelerator.kroll.KrollConverter","name":"value","sourceName":"value","type":"boolean"}],"apiName":"setBool","converter":"org.appcelerator.kroll.KrollConverter","defaultValueProvider":"org.appcelerator.kroll.KrollConverter","name":"__default_name__","returnType":"void"},"removeAllProperties":{"runOnUiThread":false,"hasInvocation":false,"args":[],"apiName":"removeAllProperties","converter":"org.appcelerator.kroll.KrollConverter","defaultValueProvider":"org.appcelerator.kroll.KrollConverter","name":"__default_name__","returnType":"void"},"hasFieldsEncrypted":{"runOnUiThread":false,"hasInvocation":false,"args":[],"apiName":"hasFieldsEncrypted","converter":"org.appcelerator.kroll.KrollConverter","defaultValueProvider":"org.appcelerator.kroll.KrollConverter","name":"__default_name__","returnType":"boolean"},"getDouble":{"runOnUiThread":false,"hasInvocation":false,"args":[{"converter":"org.appcelerator.kroll.KrollConverter","defaultValueProvider":"org.appcelerator.kroll.KrollConverter","name":"key","sourceName":"key","type":"java.lang.String"},{"converter":"org.appcelerator.kroll.KrollConverter","defaultValueProvider":"org.appcelerator.kroll.KrollConverter","name":"defaultValue","optional":true,"sourceName":"defaultValue","type":"java.lang.Object"}],"apiName":"getDouble","converter":"org.appcelerator.kroll.KrollConverter","defaultValueProvider":"org.appcelerator.kroll.KrollConverter","name":"__default_name__","returnType":"double"},"getString":{"runOnUiThread":false,"hasInvocation":false,"args":[{"converter":"org.appcelerator.kroll.KrollConverter","defaultValueProvider":"org.appcelerator.kroll.KrollConverter","name":"key","sourceName":"key","type":"java.lang.String"},{"converter":"org.appcelerator.kroll.KrollConverter","defaultValueProvider":"org.appcelerator.kroll.KrollConverter","name":"defaultValue","optional":true,"sourceName":"defaultValue","type":"java.lang.Object"}],"apiName":"getString","converter":"org.appcelerator.kroll.KrollConverter","defaultValueProvider":"org.appcelerator.kroll.KrollConverter","name":"__default_name__","returnType":"java.lang.String"},"setList":{"runOnUiThread":false,"hasInvocation":false,"args":[{"converter":"org.appcelerator.kroll.KrollConverter","defaultValueProvider":"org.appcelerator.kroll.KrollConverter","name":"key","sourceName":"key","type":"java.lang.String"},{"converter":"org.appcelerator.kroll.KrollConverter","defaultValueProvider":"org.appcelerator.kroll.KrollConverter","name":"value","sourceName":"value","type":"java.lang.Object"}],"apiName":"setList","converter":"org.appcelerator.kroll.KrollConverter","defaultValueProvider":"org.appcelerator.kroll.KrollConverter","name":"__default_name__","returnType":"void"},"hasProperty":{"runOnUiThread":false,"hasInvocation":false,"args":[{"converter":"org.appcelerator.kroll.KrollConverter","defaultValueProvider":"org.appcelerator.kroll.KrollConverter","name":"key","sourceName":"key","type":"java.lang.String"}],"apiName":"hasProperty","converter":"org.appcelerator.kroll.KrollConverter","defaultValueProvider":"org.appcelerator.kroll.KrollConverter","name":"__default_name__","returnType":"boolean"},"listProperties":{"runOnUiThread":false,"hasInvocation":false,"args":[],"apiName":"listProperties","converter":"org.appcelerator.kroll.KrollConverter","defaultValueProvider":"org.appcelerator.kroll.KrollConverter","name":"__default_name__","returnType":"java.lang.String[]"},"setObject":{"runOnUiThread":false,"hasInvocation":false,"args":[{"converter":"org.appcelerator.kroll.KrollConverter","defaultValueProvider":"org.appcelerator.kroll.KrollConverter","name":"key","sourceName":"key","type":"java.lang.String"},{"converter":"org.appcelerator.kroll.KrollConverter","defaultValueProvider":"org.appcelerator.kroll.KrollConverter","name":"value","sourceName":"value","type":"java.util.HashMap"}],"apiName":"setObject","converter":"org.appcelerator.kroll.KrollConverter","defaultValueProvider":"org.appcelerator.kroll.KrollConverter","name":"__default_name__","returnType":"void"},"setInt":{"runOnUiThread":false,"hasInvocation":false,"args":[{"converter":"org.appcelerator.kroll.KrollConverter","defaultValueProvider":"org.appcelerator.kroll.KrollConverter","name":"key","sourceName":"key","type":"java.lang.String"},{"converter":"org.appcelerator.kroll.KrollConverter","defaultValueProvider":"org.appcelerator.kroll.KrollConverter","name":"value","sourceName":"value","type":"int"}],"apiName":"setInt","converter":"org.appcelerator.kroll.KrollConverter","defaultValueProvider":"org.appcelerator.kroll.KrollConverter","name":"__default_name__","returnType":"void"},"hasValuesEncrypted":{"runOnUiThread":false,"hasInvocation":false,"args":[],"apiName":"hasValuesEncrypted","converter":"org.appcelerator.kroll.KrollConverter","defaultValueProvider":"org.appcelerator.kroll.KrollConverter","name":"__default_name__","returnType":"boolean"},"setDouble":{"runOnUiThread":false,"hasInvocation":false,"args":[{"converter":"org.appcelerator.kroll.KrollConverter","defaultValueProvider":"org.appcelerator.kroll.KrollConverter","name":"key","sourceName":"key","type":"java.lang.String"},{"converter":"org.appcelerator.kroll.KrollConverter","defaultValueProvider":"org.appcelerator.kroll.KrollConverter","name":"value","sourceName":"value","type":"double"}],"apiName":"setDouble","converter":"org.appcelerator.kroll.KrollConverter","defaultValueProvider":"org.appcelerator.kroll.KrollConverter","name":"__default_name__","returnType":"void"},"getInt":{"runOnUiThread":false,"hasInvocation":false,"args":[{"converter":"org.appcelerator.kroll.KrollConverter","defaultValueProvider":"org.appcelerator.kroll.KrollConverter","name":"key","sourceName":"key","type":"java.lang.String"},{"converter":"org.appcelerator.kroll.KrollConverter","defaultValueProvider":"org.appcelerator.kroll.KrollConverter","name":"defaultValue","optional":true,"sourceName":"defaultValue","type":"java.lang.Object"}],"apiName":"getInt","converter":"org.appcelerator.kroll.KrollConverter","defaultValueProvider":"org.appcelerator.kroll.KrollConverter","name":"__default_name__","returnType":"int"},"setString":{"runOnUiThread":false,"hasInvocation":false,"args":[{"converter":"org.appcelerator.kroll.KrollConverter","defaultValueProvider":"org.appcelerator.kroll.KrollConverter","name":"key","sourceName":"key","type":"java.lang.String"},{"converter":"org.appcelerator.kroll.KrollConverter","defaultValueProvider":"org.appcelerator.kroll.KrollConverter","name":"value","sourceName":"value","type":"java.lang.String"}],"apiName":"setString","converter":"org.appcelerator.kroll.KrollConverter","defaultValueProvider":"org.appcelerator.kroll.KrollConverter","name":"__default_name__","returnType":"void"},"getList":{"runOnUiThread":false,"hasInvocation":false,"args":[{"converter":"org.appcelerator.kroll.KrollConverter","defaultValueProvider":"org.appcelerator.kroll.KrollConverter","name":"key","sourceName":"key","type":"java.lang.String"},{"converter":"org.appcelerator.kroll.KrollConverter","defaultValueProvider":"org.appcelerator.kroll.KrollConverter","name":"defaultValue","optional":true,"sourceName":"defaultValue","type":"java.lang.Object"}],"apiName":"getList","converter":"org.appcelerator.kroll.KrollConverter","defaultValueProvider":"org.appcelerator.kroll.KrollConverter","name":"__default_name__","returnType":"java.lang.Object[]"},"isLocked":{"runOnUiThread":false,"hasInvocation":false,"args":[],"apiName":"isLocked","converter":"org.appcelerator.kroll.KrollConverter","defaultValueProvider":"org.appcelerator.kroll.KrollConverter","name":"__default_name__","returnType":"boolean"},"lock":{"runOnUiThread":false,"hasInvocation":false,"args":[],"apiName":"lock","converter":"org.appcelerator.kroll.KrollConverter","defaultValueProvider":"org.appcelerator.kroll.KrollConverter","name":"__default_name__","returnType":"void"},"getBool":{"runOnUiThread":false,"hasInvocation":false,"args":[{"converter":"org.appcelerator.kroll.KrollConverter","defaultValueProvider":"org.appcelerator.kroll.KrollConverter","name":"key","sourceName":"key","type":"java.lang.String"},{"converter":"org.appcelerator.kroll.KrollConverter","defaultValueProvider":"org.appcelerator.kroll.KrollConverter","name":"defaultValue","optional":true,"sourceName":"defaultValue","type":"java.lang.Object"}],"apiName":"getBool","converter":"org.appcelerator.kroll.KrollConverter","defaultValueProvider":"org.appcelerator.kroll.KrollConverter","name":"__default_name__","returnType":"boolean"},"removeProperty":{"runOnUiThread":false,"hasInvocation":false,"args":[{"converter":"org.appcelerator.kroll.KrollConverter","defaultValueProvider":"org.appcelerator.kroll.KrollConverter","name":"key","sourceName":"key","type":"java.lang.String"}],"apiName":"removeProperty","converter":"org.appcelerator.kroll.KrollConverter","defaultValueProvider":"org.appcelerator.kroll.KrollConverter","name":"__default_name__","returnType":"void"}},"superProxyBindingClassName":"org.appcelerator.kroll.KrollProxyBindingGen","proxyClassName":"PropertiesProxy","proxyAttrs":{"propertyAccessors":[],"fullAPIName":"Securely.Properties","name":"Properties","proxyClassName":"bencoding.securely.PropertiesProxy","isTopLevel":false,"id":"bencoding.securely.PropertiesProxy","creatableInModule":"bencoding.securely.SecurelyModule","parentModule":"org.appcelerator.kroll.annotations.Kroll.DEFAULT"},"packageName":"bencoding.securely","sourceName":"bencoding.securely.PropertiesProxyBindingGen","isTitaniumSdk":false,"superProxyClassName":"KrollProxy","isModule":false,"genClassName":"PropertiesProxyBindingGen"},"bencoding.securely.PlatformProxy":{"superPackageName":"org.appcelerator.kroll","methods":{"deviceProvisioned":{"runOnUiThread":false,"hasInvocation":false,"args":[],"apiName":"deviceProvisioned","converter":"org.appcelerator.kroll.KrollConverter","defaultValueProvider":"org.appcelerator.kroll.KrollConverter","name":"__default_name__","returnType":"boolean"},"getInstallerName":{"runOnUiThread":false,"hasInvocation":false,"args":[],"apiName":"getInstallerName","converter":"org.appcelerator.kroll.KrollConverter","defaultValueProvider":"org.appcelerator.kroll.KrollConverter","name":"__default_name__","returnType":"java.lang.String"},"getSignatures":{"runOnUiThread":false,"hasInvocation":false,"args":[],"apiName":"getSignatures","converter":"org.appcelerator.kroll.KrollConverter","defaultValueProvider":"org.appcelerator.kroll.KrollConverter","name":"__default_name__","returnType":"java.lang.String[]"},"allowSideLoading":{"runOnUiThread":false,"hasInvocation":false,"args":[],"apiName":"allowSideLoading","converter":"org.appcelerator.kroll.KrollConverter","defaultValueProvider":"org.appcelerator.kroll.KrollConverter","name":"__default_name__","returnType":"boolean"},"debuggerIsAttached":{"runOnUiThread":false,"hasInvocation":false,"args":[],"apiName":"debuggerIsAttached","converter":"org.appcelerator.kroll.KrollConverter","defaultValueProvider":"org.appcelerator.kroll.KrollConverter","name":"__default_name__","returnType":"boolean"},"lockPatternVisible":{"runOnUiThread":false,"hasInvocation":false,"args":[],"apiName":"lockPatternVisible","converter":"org.appcelerator.kroll.KrollConverter","defaultValueProvider":"org.appcelerator.kroll.KrollConverter","name":"__default_name__","returnType":"boolean"},"lockPatternEnabled":{"runOnUiThread":false,"hasInvocation":false,"args":[],"apiName":"lockPatternEnabled","converter":"org.appcelerator.kroll.KrollConverter","defaultValueProvider":"org.appcelerator.kroll.KrollConverter","name":"__default_name__","returnType":"boolean"}},"superProxyBindingClassName":"org.appcelerator.kroll.KrollProxyBindingGen","proxyClassName":"PlatformProxy","proxyAttrs":{"propertyAccessors":[],"fullAPIName":"Securely.Platform","name":"Platform","proxyClassName":"bencoding.securely.PlatformProxy","isTopLevel":false,"id":"bencoding.securely.PlatformProxy","creatableInModule":"bencoding.securely.SecurelyModule","parentModule":"org.appcelerator.kroll.annotations.Kroll.DEFAULT"},"packageName":"bencoding.securely","sourceName":"bencoding.securely.PlatformProxyBindingGen","isTitaniumSdk":false,"superProxyClassName":"KrollProxy","isModule":false,"genClassName":"PlatformProxyBindingGen"},"bencoding.securely.XPlatformCryptoProxy":{"superPackageName":"org.appcelerator.kroll","methods":{"encrypt":{"runOnUiThread":false,"hasInvocation":false,"args":[{"converter":"org.appcelerator.kroll.KrollConverter","defaultValueProvider":"org.appcelerator.kroll.KrollConverter","name":"key","sourceName":"key","type":"java.lang.String"},{"converter":"org.appcelerator.kroll.KrollConverter","defaultValueProvider":"org.appcelerator.kroll.KrollConverter","name":"value","sourceName":"value","type":"java.lang.String"}],"apiName":"encrypt","converter":"org.appcelerator.kroll.KrollConverter","defaultValueProvider":"org.appcelerator.kroll.KrollConverter","name":"__default_name__","returnType":"java.lang.String"},"writeEncrypt":{"runOnUiThread":false,"hasInvocation":false,"args":[{"converter":"org.appcelerator.kroll.KrollConverter","defaultValueProvider":"org.appcelerator.kroll.KrollConverter","name":"hm","sourceName":"hm","type":"java.util.HashMap"}],"apiName":"writeEncrypt","converter":"org.appcelerator.kroll.KrollConverter","defaultValueProvider":"org.appcelerator.kroll.KrollConverter","name":"__default_name__","returnType":"void"},"decrypt":{"runOnUiThread":false,"hasInvocation":false,"args":[{"converter":"org.appcelerator.kroll.KrollConverter","defaultValueProvider":"org.appcelerator.kroll.KrollConverter","name":"key","sourceName":"key","type":"java.lang.String"},{"converter":"org.appcelerator.kroll.KrollConverter","defaultValueProvider":"org.appcelerator.kroll.KrollConverter","name":"value","sourceName":"value","type":"java.lang.String"}],"apiName":"decrypt","converter":"org.appcelerator.kroll.KrollConverter","defaultValueProvider":"org.appcelerator.kroll.KrollConverter","name":"__default_name__","returnType":"java.lang.String"},"readEncrypt":{"runOnUiThread":false,"hasInvocation":false,"args":[{"converter":"org.appcelerator.kroll.KrollConverter","defaultValueProvider":"org.appcelerator.kroll.KrollConverter","name":"hm","sourceName":"hm","type":"java.util.HashMap"}],"apiName":"readEncrypt","converter":"org.appcelerator.kroll.KrollConverter","defaultValueProvider":"org.appcelerator.kroll.KrollConverter","name":"__default_name__","returnType":"void"}},"superProxyBindingClassName":"org.appcelerator.kroll.KrollProxyBindingGen","proxyClassName":"XPlatformCryptoProxy","proxyAttrs":{"propertyAccessors":[],"fullAPIName":"Securely.XPlatformCrypto","name":"XPlatformCrypto","proxyClassName":"bencoding.securely.XPlatformCryptoProxy","isTopLevel":false,"id":"bencoding.securely.XPlatformCryptoProxy","creatableInModule":"bencoding.securely.SecurelyModule","parentModule":"org.appcelerator.kroll.annotations.Kroll.DEFAULT"},"packageName":"bencoding.securely","sourceName":"bencoding.securely.XPlatformCryptoProxyBindingGen","isTitaniumSdk":false,"superProxyClassName":"KrollProxy","isModule":false,"genClassName":"XPlatformCryptoProxyBindingGen"},"bencoding.securely.FileCryptoProxy":{"superPackageName":"org.appcelerator.kroll","methods":{"AESEncrypt":{"runOnUiThread":false,"hasInvocation":false,"args":[{"converter":"org.appcelerator.kroll.KrollConverter","defaultValueProvider":"org.appcelerator.kroll.KrollConverter","name":"hm","sourceName":"hm","type":"java.util.HashMap"}],"apiName":"AESEncrypt","converter":"org.appcelerator.kroll.KrollConverter","defaultValueProvider":"org.appcelerator.kroll.KrollConverter","name":"__default_name__","returnType":"void"},"AESDecrypt":{"runOnUiThread":false,"hasInvocation":false,"args":[{"converter":"org.appcelerator.kroll.KrollConverter","defaultValueProvider":"org.appcelerator.kroll.KrollConverter","name":"hm","sourceName":"hm","type":"java.util.HashMap"}],"apiName":"AESDecrypt","converter":"org.appcelerator.kroll.KrollConverter","defaultValueProvider":"org.appcelerator.kroll.KrollConverter","name":"__default_name__","returnType":"void"}},"superProxyBindingClassName":"org.appcelerator.kroll.KrollProxyBindingGen","proxyClassName":"FileCryptoProxy","proxyAttrs":{"propertyAccessors":[],"fullAPIName":"Securely.FileCrypto","name":"FileCrypto","proxyClassName":"bencoding.securely.FileCryptoProxy","isTopLevel":false,"id":"bencoding.securely.FileCryptoProxy","creatableInModule":"bencoding.securely.SecurelyModule","parentModule":"org.appcelerator.kroll.annotations.Kroll.DEFAULT"},"packageName":"bencoding.securely","sourceName":"bencoding.securely.FileCryptoProxyBindingGen","isTitaniumSdk":false,"superProxyClassName":"KrollProxy","isModule":false,"genClassName":"FileCryptoProxyBindingGen"}},"modules":{"bencoding.securely.SecurelyModule":{"apiName":"Securely","createProxies":[{"propertyAccessors":[],"fullAPIName":"Securely.Platform","name":"Platform","proxyClassName":"bencoding.securely.PlatformProxy","isTopLevel":false,"id":"bencoding.securely.PlatformProxy","creatableInModule":"bencoding.securely.SecurelyModule","parentModule":"org.appcelerator.kroll.annotations.Kroll.DEFAULT"},{"propertyAccessors":[],"fullAPIName":"Securely.XPlatformCrypto","name":"XPlatformCrypto","proxyClassName":"bencoding.securely.XPlatformCryptoProxy","isTopLevel":false,"id":"bencoding.securely.XPlatformCryptoProxy","creatableInModule":"bencoding.securely.SecurelyModule","parentModule":"org.appcelerator.kroll.annotations.Kroll.DEFAULT"},{"propertyAccessors":[],"fullAPIName":"Securely.Properties","name":"Properties","proxyClassName":"bencoding.securely.PropertiesProxy","isTopLevel":false,"id":"bencoding.securely.PropertiesProxy","creatableInModule":"bencoding.securely.SecurelyModule","parentModule":"org.appcelerator.kroll.annotations.Kroll.DEFAULT"},{"propertyAccessors":[],"fullAPIName":"Securely.LockScreenHelper","name":"LockScreenHelper","proxyClassName":"bencoding.securely.LockScreenHelperProxy","isTopLevel":false,"id":"bencoding.securely.LockScreenHelperProxy","creatableInModule":"bencoding.securely.SecurelyModule","parentModule":"org.appcelerator.kroll.annotations.Kroll.DEFAULT"},{"propertyAccessors":[],"fullAPIName":"Securely.FileCrypto","name":"FileCrypto","proxyClassName":"bencoding.securely.FileCryptoProxy","isTopLevel":false,"id":"bencoding.securely.FileCryptoProxy","creatableInModule":"bencoding.securely.SecurelyModule","parentModule":"org.appcelerator.kroll.annotations.Kroll.DEFAULT"},{"propertyAccessors":[],"fullAPIName":"Securely.StringCrypto","name":"StringCrypto","proxyClassName":"bencoding.securely.StringCryptoProxy","isTopLevel":false,"id":"bencoding.securely.StringCryptoProxy","creatableInModule":"bencoding.securely.SecurelyModule","parentModule":"org.appcelerator.kroll.annotations.Kroll.DEFAULT"},{"propertyAccessors":[],"fullAPIName":"Securely.RemoteCertificate","name":"RemoteCertificate","proxyClassName":"bencoding.securely.RemoteCertificateProxy","isTopLevel":false,"id":"bencoding.securely.RemoteCertificateProxy","creatableInModule":"bencoding.securely.SecurelyModule","parentModule":"org.appcelerator.kroll.annotations.Kroll.DEFAULT"}]}}}